"STUB_1","STUB_2","10/2/26","9/25/26","Difference","10/3/25","Percent Change","10/4/24","Percent Change"
"Motor Gasoline ","Total Motor Gasoline","204.744","204.362","0.382","219.093","-6.500","214.898","-4.700"
"Motor Gasoline ","East Coast (PADD 1)","53.743","50.940","2.803","55.012","-2.300","59.659","-9.900"
"Motor Gasoline ","Midwest (PADD 2)","41.410","41.830","-0.421","47.422","-12.700","44.958","-7.900"
"Motor Gasoline ","Gulf Coast (PADD 3)","75.041","76.870","-1.829","79.729","-5.900","76.949","-2.500"
"Motor Gasoline ","Rocky Mountain (PADD 4)","6.694","6.731","-0.036","7.288","-8.100","6.532","2.500"
"Motor Gasoline ","West Coast (PADD 5)","27.856","27.990","-0.135","29.643","-6.000","26.800","3.900"
"Motor Gasoline ","Finished Motor Gasoline","13.900","14.219","-0.319","15.722","-11.600","14.944","-7.000"
"Motor Gasoline ","East Coast (PADD 1)","3.381","3.059","0.322","3.056","10.600","3.316","2.000"
"Motor Gasoline ","Midwest (PADD 2)","3.927","3.691","0.237","3.949","-0.600","4.287","-8.400"
"Motor Gasoline ","Gulf Coast (PADD 3)","4.208","5.291","-1.083","6.108","-31.100","4.735","-11.100"
"Motor Gasoline ","Rocky Mountain (PADD 4)","0.840","0.754","0.086","0.841","-0.200","0.977","-14.100"
"Motor Gasoline ","West Coast (PADD 5)","1.543","1.424","0.119","1.767","-12.700","1.629","-5.300"
"Motor Gasoline ","Reformulated","0.021","0.022","-0.001","0.025","-16.000","0.018","16.700"
"Motor Gasoline ","East Coast (PADD 1)","0.004","0.004","0.000","0.004","0.000","0.004","0.000"
"Motor Gasoline ","Midwest (PADD 2)","0.000","0.000","0.000","0.000","0.000","0.000","0.000"
"Motor Gasoline ","Gulf Coast (PADD 3)","0.000","0.000","0.000","0.000","0.000","0.000","0.000"
"Motor Gasoline ","Rocky Mountain (PADD 4)","0.000","0.000","0.000","0.000","0.000","0.000","0.000"
"Motor Gasoline ","West Coast (PADD 5)","0.017","0.018","-0.001","0.021","-19.000","0.014","21.400"
"Motor Gasoline ","Conventional","13.879","14.197","-0.318","15.697","-11.600","14.926","-7.000"
"Motor Gasoline ","East Coast (PADD 1)","3.377","3.055","0.322","3.052","10.600","3.312","2.000"
"Motor Gasoline ","Midwest (PADD 2)","3.927","3.691","0.237","3.949","-0.600","4.287","-8.400"
"Motor Gasoline ","Gulf Coast (PADD 3)","4.208","5.291","-1.083","6.108","-31.100","4.735","-11.100"
"Motor Gasoline ","Rocky Mountain (PADD 4)","0.840","0.754","0.086","0.841","-0.200","0.977","-14.100"
"Motor Gasoline ","West Coast (PADD 5)","1.526","1.406","0.120","1.746","-12.600","1.615","-5.500"
"Motor Gasoline ","Blending Components","190.844","190.144","0.701","203.371","-6.200","199.954","-4.600"
"Motor Gasoline ","East Coast (PADD 1)","50.362","47.882","2.480","51.956","-3.100","56.343","-10.600"
"Motor Gasoline ","Midwest (PADD 2)","37.483","38.140","-0.657","43.473","-13.800","40.671","-7.800"
"Motor Gasoline ","Gulf Coast (PADD 3)","70.833","71.580","-0.747","73.620","-3.800","72.214","-1.900"
"Motor Gasoline ","Rocky Mountain (PADD 4)","5.855","5.977","-0.122","6.447","-9.200","5.554","5.400"
"Motor Gasoline ","West Coast (PADD 5)","26.313","26.566","-0.253","27.876","-5.600","25.171","4.500"
"Fuel Ethanol ","Fuel Ethanol","23.743","23.865","-0.122","22.720","4.500","22.154","7.200"
"Fuel Ethanol ","East Coast (PADD 1)","6.912","7.293","-0.382","6.601","4.700","7.044","-1.900"
"Fuel Ethanol ","Midwest (PADD 2)","9.321","8.885","0.437","9.135","2.000","8.994","3.600"
"Fuel Ethanol ","Gulf Coast (PADD 3)","4.925","5.147","-0.221","3.903","26.200","3.598","36.900"
"Fuel Ethanol ","Rocky Mountain (PADD 4)","0.326","0.321","0.005","0.360","-9.400","0.359","-9.000"
"Fuel Ethanol ","West Coast (PADD 5)","2.258","2.219","0.039","2.721","-17.000","2.159","4.600"
